image,code
NegativeHA/2703.jpg,negative_HA
NegativeHA/2811.jpg,negative_HA
NegativeHA/3000.jpg,negative_HA
NegativeHA/3001.jpg,negative_HA
NegativeHA/3005.1.jpg,negative_HA
NegativeHA/3010.jpg,negative_HA
NegativeHA/3015.jpg,negative_HA
NegativeHA/3016.jpg,negative_HA
NegativeHA/3030.jpg,negative_HA
NegativeHA/3051.jpg,negative_HA
NegativeHA/3053.jpg,negative_HA
NegativeHA/3059.jpg,negative_HA
NegativeHA/3060.jpg,negative_HA
NegativeHA/3062.jpg,negative_HA
NegativeHA/3063.jpg,negative_HA
NegativeHA/3064.jpg,negative_HA
NegativeHA/3068.jpg,negative_HA
NegativeHA/3069.jpg,negative_HA
NegativeHA/3071.jpg,negative_HA
NegativeHA/3080.jpg,negative_HA
NegativeHA/3100.jpg,negative_HA
NegativeHA/3101.jpg,negative_HA
NegativeHA/3102.jpg,negative_HA
NegativeHA/3103.jpg,negative_HA
NegativeHA/3110.jpg,negative_HA
NegativeHA/3120.jpg,negative_HA
NegativeHA/3130.jpg,negative_HA
NegativeHA/3131.jpg,negative_HA
NegativeHA/3140.jpg,negative_HA
NegativeHA/3150.jpg,negative_HA
NegativeHA/3168.jpg,negative_HA
NegativeHA/3170.jpg,negative_HA
NegativeHA/3180.jpg,negative_HA
NegativeHA/3191.jpg,negative_HA
NegativeHA/3195.jpg,negative_HA
NegativeHA/3225.jpg,negative_HA
NegativeHA/3261.jpg,negative_HA
NegativeHA/3266.jpg,negative_HA
NegativeHA/3350.jpg,negative_HA
NegativeHA/3400.jpg,negative_HA
NegativeHA/3500.jpg,negative_HA
NegativeHA/3530.jpg,negative_HA
NegativeHA/3550.1.jpg,negative_HA
NegativeHA/6021.jpg,negative_HA
NegativeHA/6022.jpg,negative_HA
NegativeHA/6212.jpg,negative_HA
NegativeHA/6243.jpg,negative_HA
NegativeHA/6313.jpg,negative_HA
NegativeHA/6315.jpg,negative_HA
NegativeHA/6350.jpg,negative_HA
NegativeHA/6360.jpg,negative_HA
NegativeHA/6415.jpg,negative_HA
NegativeHA/6520.jpg,negative_HA
NegativeHA/6540.jpg,negative_HA
NegativeHA/6560.jpg,negative_HA
NegativeHA/6563.jpg,negative_HA
NegativeHA/6570.jpg,negative_HA
NegativeHA/6821.jpg,negative_HA
NegativeHA/9040.jpg,negative_HA
NegativeHA/9075.jpg,negative_HA
NegativeHA/9163.jpg,negative_HA
NegativeHA/9183.jpg,negative_HA
NegativeHA/9185.jpg,negative_HA
NegativeHA/9187.jpg,negative_HA
NegativeHA/9252.jpg,negative_HA
NegativeHA/9253.jpg,negative_HA
NegativeHA/9254.jpg,negative_HA
NegativeHA/9322.jpg,negative_HA
NegativeHA/9325.jpg,negative_HA
NegativeHA/9326.jpg,negative_HA
NegativeHA/9405.jpg,negative_HA
NegativeHA/9410.jpg,negative_HA
NegativeHA/9412.jpg,negative_HA
NegativeHA/9413.jpg,negative_HA
NegativeHA/9414.jpg,negative_HA
NegativeHA/9420.jpg,negative_HA
NegativeHA/9428.jpg,negative_HA
NegativeHA/9433.jpg,negative_HA
NegativeHA/9570.jpg,negative_HA
NegativeHA/9571.jpg,negative_HA
NegativeHA/9635.1.jpg,negative_HA
NegativeHA/9800.jpg,negative_HA
NegativeHA/9810.jpg,negative_HA
NegativeHA/9902.jpg,negative_HA
NegativeHA/9908.jpg,negative_HA
NegativeHA/9910.jpg,negative_HA
NegativeHA/9911.jpg,negative_HA
NegativeHA/9921.jpg,negative_HA
NegativeHA/9940.jpg,negative_HA
PositiveHA/1650.jpg,positive_HA
PositiveHA/2208.jpg,positive_HA
PositiveHA/2209.jpg,positive_HA
PositiveHA/2216.jpg,positive_HA
PositiveHA/2300.jpg,positive_HA
PositiveHA/2347.jpg,positive_HA
PositiveHA/2389.jpg,positive_HA
PositiveHA/4007.jpg,positive_HA
PositiveHA/4220.jpg,positive_HA
PositiveHA/4225.jpg,positive_HA
PositiveHA/4290.jpg,positive_HA
PositiveHA/4311.jpg,positive_HA
PositiveHA/4490.jpg,positive_HA
PositiveHA/4597.jpg,positive_HA
PositiveHA/4599.jpg,positive_HA
PositiveHA/4607.jpg,positive_HA
PositiveHA/4608.jpg,positive_HA
PositiveHA/4611.jpg,positive_HA
PositiveHA/4626.jpg,positive_HA
PositiveHA/4643.jpg,positive_HA
PositiveHA/4645.jpg,positive_HA
PositiveHA/4650.jpg,positive_HA
PositiveHA/4651.jpg,positive_HA
PositiveHA/4652.jpg,positive_HA
PositiveHA/4653.jpg,positive_HA
PositiveHA/4656.jpg,positive_HA
PositiveHA/4658.jpg,positive_HA
PositiveHA/4659.jpg,positive_HA
PositiveHA/4660.jpg,positive_HA
PositiveHA/4664.jpg,positive_HA
PositiveHA/4666.jpg,positive_HA
PositiveHA/4668.jpg,positive_HA
PositiveHA/4670.jpg,positive_HA
PositiveHA/4672.jpg,positive_HA
PositiveHA/4676.jpg,positive_HA
PositiveHA/4677.jpg,positive_HA
PositiveHA/4680.jpg,positive_HA
PositiveHA/4681.jpg,positive_HA
PositiveHA/4683.jpg,positive_HA
PositiveHA/4687.jpg,positive_HA
PositiveHA/4689.jpg,positive_HA
PositiveHA/4690.jpg,positive_HA
PositiveHA/4693.jpg,positive_HA
PositiveHA/4694.jpg,positive_HA
PositiveHA/4695.jpg,positive_HA
PositiveHA/4697.jpg,positive_HA
PositiveHA/4698.jpg,positive_HA
PositiveHA/4800.jpg,positive_HA
PositiveHA/4810.jpg,positive_HA
PositiveHA/5450.jpg,positive_HA
PositiveHA/5470.jpg,positive_HA
PositiveHA/5621.jpg,positive_HA
PositiveHA/5626.jpg,positive_HA
PositiveHA/7515.jpg,positive_HA
PositiveHA/8001.jpg,positive_HA
PositiveHA/8021.jpg,positive_HA
PositiveHA/8030.jpg,positive_HA
PositiveHA/8031.jpg,positive_HA
PositiveHA/8034.jpg,positive_HA
PositiveHA/8040.jpg,positive_HA
PositiveHA/8090.jpg,positive_HA
PositiveHA/8116.jpg,positive_HA
PositiveHA/8158.jpg,positive_HA
PositiveHA/8161.jpg,positive_HA
PositiveHA/8163.jpg,positive_HA
PositiveHA/8178.jpg,positive_HA
PositiveHA/8179.jpg,positive_HA
PositiveHA/8180.jpg,positive_HA
PositiveHA/8186.jpg,positive_HA
PositiveHA/8193.jpg,positive_HA
PositiveHA/8200.jpg,positive_HA
PositiveHA/8206.jpg,positive_HA
PositiveHA/8210.jpg,positive_HA
PositiveHA/8251.jpg,positive_HA
PositiveHA/8300.jpg,positive_HA
PositiveHA/8340.jpg,positive_HA
PositiveHA/8341.jpg,positive_HA
PositiveHA/8370.jpg,positive_HA
PositiveHA/8380.jpg,positive_HA
PositiveHA/8400.jpg,positive_HA
PositiveHA/8420.jpg,positive_HA
PositiveHA/8470.jpg,positive_HA
PositiveHA/8490.jpg,positive_HA
PositiveHA/8492.jpg,positive_HA
PositiveHA/8496.jpg,positive_HA
PositiveHA/8499.jpg,positive_HA
PositiveHA/8501.jpg,positive_HA
PositiveHA/8502.jpg,positive_HA
PositiveHA/8620.jpg,positive_HA
PositiveHA/9156.jpg,positive_HA